id,target
0,71
1,75
2,90
3,41
4,66
5,59
6,81
7,38
8,76
9,97
10,81
11,99
12,92
13,80
14,71
15,53
16,4
17,11
18,50
19,48
20,99
21,24
22,53
23,15
24,58
25,68
26,97
27,57
28,82
29,64
30,75
31,73
32,27
33,78
34,55
35,81
36,81
37,90
38,65
39,57
40,97
41,21
42,72
43,21
44,71
45,60
46,94
47,17
48,50
49,60
50,75
51,10
52,11
53,83
54,78
55,11
56,76
57,56
58,8
59,66
60,50
61,81
62,73
63,58
64,81
65,88
66,75
67,7
68,99
69,35
70,65
71,21
72,62
73,8
74,47
75,75
76,28
77,97
78,53
79,91
80,71
81,81
82,9
83,3
84,11
85,77
86,40
87,71
88,2
89,20
90,75
91,52
92,24
93,81
94,9
95,80
96,51
97,44
98,78
99,97
100,19
101,44
102,96
103,31
104,75
105,68
106,18
107,73
108,79
109,4
110,93
111,18
112,9
113,89
114,57
115,88
116,52
117,18
118,11
119,75
120,97
121,97
122,95
123,22
124,43
125,7
126,50
127,41
128,92
129,81
130,26
131,27
132,81
133,81
134,81
135,97
136,5
137,20
138,97
139,95
140,53
141,43
142,62
143,22
144,57
145,72
146,27
147,33
148,53
149,81
150,75
151,25
152,9
153,81
154,50
155,70
156,38
157,97
158,70
159,9
160,75
161,81
162,25
163,64
164,95
165,51
166,53
167,29
168,67
169,88
170,0
171,22
172,97
173,81
174,88
175,53
176,93
177,19
178,9
179,97
180,90
181,69
182,97
183,75
184,81
185,97
186,55
187,17
188,55
189,97
190,92
191,8
192,34
193,58
194,72
195,59
196,81
197,66
198,89
199,64
200,69
201,82
202,14
203,92
204,76
205,23
206,3
207,66
208,53
209,56
210,97
211,72
212,88
213,21
214,90
215,2
216,43
217,97
218,14
219,9
220,97
221,9
222,41
223,74
224,33
225,27
226,85
227,13
228,57
229,92
230,97
231,21
232,71
233,97
234,73
235,9
236,13
237,54
238,11
239,16
240,68
241,73
242,73
243,94
244,97
245,75
246,24
247,81
248,89
249,67
250,65
251,84
252,83
253,35
254,43
255,97
256,47
257,64
258,56
259,32
260,81
261,22
262,56
263,64
264,60
265,48
266,99
267,81
268,97
269,97
270,62
271,36
272,86
273,8
274,58
275,97
276,90
277,54
278,81
279,18
280,1
281,92
282,38
283,62
284,27
285,38
286,97
287,45
288,21
289,48
290,27
291,89
292,97
293,92
294,75
295,44
296,47
297,81
298,33
299,53
300,33
301,56
302,7
303,81
304,76
305,90
306,97
307,67
308,22
309,20
310,49
311,73
312,97
313,53
314,2
315,34
316,97
317,93
318,94
319,20
320,27
321,92
322,15
323,97
324,84
325,98
326,33
327,6
328,80
329,75
330,11
331,54
332,90
333,81
334,53
335,65
336,77
337,22
338,82
339,81
340,85
341,99
342,81
343,24
344,37
345,81
346,34
347,55
348,53
349,20
350,54
351,86
352,71
353,27
354,8
355,18
356,97
357,73
358,10
359,53
360,81
361,90
362,82
363,9
364,62
365,19
366,81
367,79
368,97
369,84
370,50
371,81
372,47
373,84
374,43
375,97
376,8
377,67
378,73
379,8
380,82
381,99
382,97
383,34
384,85
385,97
386,50
387,81
388,18
389,75
390,90
391,15
392,76
393,77
394,72
395,89
396,58
397,76
398,15
399,81
400,81
401,58
402,42
403,97
404,81
405,97
406,11
407,98
408,12
409,74
410,88
411,97
412,97
413,97
414,43
415,59
416,54
417,97
418,70
419,47
420,97
421,38
422,69
423,96
424,53
425,26
426,42
427,77
428,48
429,64
430,90
431,5
432,34
433,81
434,55
435,81
436,52
437,64
438,49
439,89
440,11
441,58
442,43
443,3
444,81
445,38
446,77
447,97
448,8
449,39
450,54
451,88
452,42
453,10
454,43
455,50
456,20
457,49
458,90
459,84
460,97
461,64
462,83
463,79
464,53
465,2
466,88
467,58
468,23
469,44
470,97
471,24
472,87
473,33
474,56
475,5
476,4
477,73
478,75
479,18
480,5
481,83
482,2
483,92
484,97
485,57
486,77
487,58
488,14
489,84
490,92
491,96
492,97
493,81
494,97
495,93
496,92
497,79
498,53
499,5
500,52
501,54
502,86
503,59
504,35
505,2
506,53
507,18
508,92
509,56
510,7
511,27
512,56
513,10
514,9
515,97
516,73
517,73
518,66
519,99
520,76
521,56
522,97
523,56
524,32
525,97
526,65
527,68
528,10
529,81
530,89
531,9
532,66
533,24
534,73
535,12
536,81
537,66
538,18
539,66
540,67
541,38
542,97
543,81
544,75
545,77
546,9
547,56
548,15
549,92
550,97
551,15
552,81
553,28
554,81
555,98
556,23
557,82
558,42
559,44
560,47
561,41
562,44
563,97
564,0
565,9
566,15
567,75
568,18
569,97
570,34
571,20
572,90
573,43
574,37
575,34
576,90
577,57
578,4
579,47
580,37
581,53
582,97
583,81
584,90
585,4
586,23
587,73
588,18
589,21
590,9
591,53
592,12
593,15
594,47
595,57
596,59
597,58
598,92
599,81
600,79
601,42
602,13
603,83
604,75
605,92
606,7
607,23
608,61
609,81
610,55
611,24
612,81
613,29
614,94
615,72
616,97
617,75
618,90
619,80
620,81
621,95
622,68
623,99
624,43
625,9
626,18
627,72
628,97
629,81
630,21
631,56
632,97
633,68
634,83
635,81
636,95
637,18
638,48
639,2
640,90
641,84
642,20
643,73
644,83
645,81
646,15
647,31
648,47
649,39
650,15
651,94
652,98
653,70
654,37
655,97
656,21
657,54
658,42
659,6
660,47
661,97
662,70
663,81
664,21
665,9
666,81
667,64
668,81
669,28
670,2
671,66
672,76
673,81
674,8
675,59
676,2
677,81
678,89
679,44
680,27
681,75
682,40
683,18
684,11
685,81
686,6
687,33
688,37
689,58
690,23
691,97
692,9
693,93
694,54
695,47
696,52
697,37
698,9
699,96
700,73
701,97
702,80
703,55
704,11
705,92
706,97
707,75
708,69
709,48
710,99
711,37
712,48
713,81
714,98
715,81
716,99
717,76
718,44
719,18
720,53
721,12
722,8
723,85
724,87
725,8
726,23
727,66
728,55
729,67
730,0
731,9
732,4
733,7
734,44
735,37
736,33
737,86
738,34
739,58
740,56
741,88
742,3
743,90
744,73
745,6
746,58
747,81
748,53
749,41
750,44
751,81
752,5
753,15
754,97
755,97
756,79
757,67
758,58
759,75
760,98
761,71
762,9
763,97
764,71
765,97
766,9
767,11
768,5
769,37
770,75
771,53
772,76
773,58
774,7
775,93
776,5
777,51
778,13
779,75
780,21
781,20
782,54
783,81
784,81
785,97
786,43
787,37
788,81
789,23
790,72
791,81
792,96
793,50
794,43
795,81
796,5
797,27
798,78
799,9
800,95
801,17
802,33
803,81
804,53
805,81
806,18
807,88
808,97
809,1
810,81
811,40
812,53
813,26
814,23
815,18
816,77
817,67
818,97
819,81
820,59
821,99
822,81
823,1
824,55
825,70
826,54
827,53
828,92
829,54
830,58
831,97
832,70
833,8
834,55
835,85
836,28
837,18
838,23
839,91
840,29
841,53
842,97
843,79
844,4
845,81
846,50
847,33
848,9
849,92
850,78
851,44
852,64
853,46
854,90
855,28
856,56
857,58
858,35
859,34
860,81
861,97
862,81
863,75
864,2
865,81
866,81
867,2
868,81
869,60
870,26
871,73
872,5
873,61
874,75
875,16
876,78
877,17
878,97
879,65
880,73
881,67
882,81
883,58
884,34
885,94
886,42
887,96
888,35
889,97
890,2
891,42
892,81
893,58
894,97
895,56
896,97
897,29
898,58
899,73
900,92
901,74
902,35
903,56
904,97
905,11
906,16
907,90
908,71
909,13
910,81
911,76
912,5
913,53
914,81
915,60
916,97
917,23
918,97
919,52
920,53
921,81
922,81
923,37
924,65
925,56
926,12
927,4
928,73
929,71
930,77
931,91
932,69
933,75
934,35
935,28
936,34
937,76
938,57
939,98
940,13
941,73
942,65
943,49
944,21
945,76
946,71
947,34
948,89
949,11
950,77
951,33
952,67
953,63
954,73
955,24
956,54
957,61
958,97
959,81
960,8
961,96
962,81
963,2
964,53
965,58
966,54
967,81
968,8
969,50
970,64
971,81
972,97
973,75
974,9
975,77
976,97
977,77
978,81
979,9
980,81
981,60
982,81
983,0
984,21
985,35
986,90
987,49
988,81
989,54
990,50
991,89
992,75
993,46
994,81
995,82
996,96
997,94
998,26
999,73
1000,40
1001,81
1002,97
1003,81
1004,85
1005,91
1006,24
1007,23
1008,18
1009,9
1010,2
1011,93
1012,81
1013,81
1014,65
1015,58
1016,81
1017,17
1018,76
1019,24
1020,61
1021,90
1022,68
1023,39
1024,81
1025,76
1026,68
1027,62
1028,68
1029,48
1030,0
1031,24
1032,53
1033,53
1034,44
1035,75
1036,49
1037,29
1038,8
1039,43
1040,81
1041,18
1042,34
1043,8
1044,81
1045,23
1046,2
1047,73
1048,9
1049,44
1050,81
1051,64
1052,47
1053,59
1054,92
1055,97
1056,30
1057,9
1058,8
1059,8
1060,23
1061,33
1062,47
1063,32
1064,97
1065,49
1066,8
1067,48
1068,78
1069,32
1070,46
1071,81
1072,54
1073,94
1074,90
1075,2
1076,44
1077,23
1078,21
1079,51
1080,31
1081,2
1082,81
1083,81
1084,12
1085,22
1086,97
1087,97
1088,81
1089,65
1090,81
1091,47
1092,97
1093,10
1094,54
1095,97
1096,47
1097,42
1098,83
1099,8
1100,97
1101,97
1102,37
1103,8
1104,94
1105,68
1106,50
1107,28
1108,73
1109,64
1110,55
1111,32
1112,47
1113,81
1114,83
1115,97
1116,81
1117,39
1118,71
1119,82
1120,85
1121,93
1122,5
1123,22
1124,59
1125,33
1126,54
1127,97
1128,26
1129,81
1130,93
1131,19
1132,9
1133,70
1134,21
1135,34
1136,48
1137,73
1138,34
1139,98
1140,25
1141,20
1142,86
1143,9
1144,83
1145,60
1146,11
1147,9
1148,8
1149,9
1150,97
1151,73
1152,60
1153,81
1154,58
1155,81
1156,24
1157,18
1158,81
1159,13
1160,75
1161,48
1162,10
1163,23
1164,14
1165,19
1166,99
1167,54
1168,59
1169,57
1170,39
1171,81
1172,18
1173,1
1174,27
1175,97
1176,90
1177,71
1178,78
1179,37
1180,47
1181,42
1182,65
1183,83
1184,34
1185,29
1186,10
1187,69
1188,33
1189,58
1190,53
1191,9
1192,84
1193,50
1194,58
1195,40
1196,14
1197,34
1198,9
1199,59
1200,66
1201,97
1202,5
1203,18
1204,56
1205,78
1206,86
1207,73
1208,50
1209,5
1210,73
1211,81
1212,75
1213,42
1214,97
1215,34
1216,56
1217,67
1218,50
1219,58
1220,47
1221,47
1222,11
1223,8
1224,8
1225,97
1226,66
1227,81
1228,18
1229,7
1230,55
1231,75
1232,79
1233,81
1234,98
1235,82
1236,72
1237,20
1238,82
1239,89
1240,34
1241,54
1242,81
1243,62
1244,34
1245,54
1246,50
1247,97
1248,74
1249,92
1250,4
1251,44
1252,75
1253,49
1254,68
1255,81
1256,97
1257,32
1258,18
1259,59
1260,39
1261,44
1262,33
1263,76
1264,99
1265,37
1266,19
1267,60
1268,50
1269,97
1270,12
1271,29
1272,34
1273,91
1274,11
1275,82
1276,14
1277,97
1278,60
1279,97
1280,54
1281,75
1282,71
1283,60
1284,11
1285,75
1286,90
1287,75
1288,68
1289,81
1290,24
1291,44
1292,34
1293,73
1294,83
1295,43
1296,35
1297,34
1298,81
1299,44
1300,29
1301,42
1302,51
1303,84
1304,32
1305,81
1306,64
1307,97
1308,90
1309,20
1310,52
1311,64
1312,23
1313,55
1314,23
1315,88
1316,81
1317,15
1318,73
1319,8
1320,81
1321,71
1322,89
1323,84
1324,39
1325,70
1326,86
1327,34
1328,92
1329,78
1330,98
1331,12
1332,29
1333,4
1334,81
1335,18
1336,87
1337,81
1338,11
1339,9
1340,58
1341,54
1342,31
1343,33
1344,81
1345,54
1346,17
1347,95
1348,58
1349,54
1350,93
1351,83
1352,42
1353,73
1354,37
1355,75
1356,5
1357,12
1358,43
1359,67
1360,83
1361,97
1362,97
1363,55
1364,99
1365,22
1366,64
1367,45
1368,81
1369,68
1370,64
1371,63
1372,61
1373,37
1374,53
1375,83
1376,48
1377,75
1378,8
1379,32
1380,81
1381,96
1382,4
1383,25
1384,24
1385,75
1386,60
1387,15
1388,14
1389,16
1390,81
1391,97
1392,97
1393,81
1394,34
1395,8
1396,44
1397,58
1398,83
1399,15
1400,73
1401,81
1402,97
1403,82
1404,5
1405,56
1406,83
1407,88
1408,59
1409,5
1410,12
1411,97
1412,16
1413,92
1414,23
1415,58
1416,90
1417,4
1418,94
1419,75
1420,91
1421,98
1422,70
1423,73
1424,53
1425,49
1426,23
1427,21
1428,81
1429,19
1430,82
1431,50
1432,57
1433,44
1434,58
1435,28
1436,84
1437,33
1438,72
1439,22
1440,42
1441,85
1442,31
1443,81
1444,94
1445,81
1446,11
1447,97
1448,81
1449,66
1450,23
1451,97
1452,63
1453,30
1454,56
1455,81
1456,90
1457,95
1458,66
1459,95
1460,60
1461,42
1462,94
1463,42
1464,92
1465,97
1466,50
1467,64
1468,42
1469,53
1470,83
1471,75
1472,90
1473,73
1474,20
1475,0
1476,53
1477,97
1478,77
1479,49
1480,53
1481,50
1482,55
1483,18
1484,42
1485,53
1486,47
1487,44
1488,53
1489,22
1490,33
1491,92
1492,15
1493,15
1494,34
1495,47
1496,5
1497,37
1498,31
1499,89
1500,32
1501,58
1502,81
1503,58
1504,81
1505,54
1506,20
1507,66
1508,18
1509,97
1510,15
1511,53
1512,54
1513,34
1514,97
1515,12
1516,49
1517,50
1518,60
1519,8
1520,62
1521,7
1522,77
1523,24
1524,82
1525,37
1526,31
1527,92
1528,58
1529,75
1530,94
1531,15
1532,21
1533,23
1534,51
1535,81
1536,36
1537,72
1538,12
1539,9
1540,53
1541,72
1542,18
1543,10
1544,4
1545,65
1546,84
1547,75
1548,38
1549,34
1550,58
1551,21
1552,20
1553,71
1554,18
1555,35
1556,57
1557,34
1558,97
1559,6
1560,42
1561,16
1562,97
1563,90
1564,79
1565,5
1566,2
1567,33
1568,97
1569,5
1570,81
1571,82
1572,7
1573,69
1574,97
1575,18
1576,37
1577,5
1578,76
1579,73
1580,59
1581,89
1582,29
1583,14
1584,29
1585,5
1586,60
1587,81
1588,66
1589,75
1590,24
1591,35
1592,9
1593,73
1594,5
1595,20
1596,23
1597,21
1598,34
1599,58
1600,58
1601,81
1602,60
1603,2
1604,8
1605,75
1606,44
1607,47
1608,17
1609,94
1610,97
1611,84
1612,47
1613,64
1614,21
1615,42
1616,96
1617,75
1618,97
1619,97
1620,22
1621,46
1622,76
1623,74
1624,81
1625,35
1626,53
1627,23
1628,52
1629,22
1630,85
1631,43
1632,89
1633,97
1634,88
1635,59
1636,94
1637,71
1638,87
1639,90
1640,39
1641,83
1642,58
1643,73
1644,2
1645,2
1646,43
1647,56
1648,37
1649,8
1650,58
1651,45
1652,15
1653,1
1654,17
1655,81
1656,10
1657,45
1658,97
1659,61
1660,81
1661,11
1662,75
1663,81
1664,33
1665,4
1666,81
1667,50
1668,59
1669,18
1670,81
1671,16
1672,92
1673,5
1674,84
1675,49
1676,75
1677,99
1678,90
1679,81
1680,8
1681,77
1682,99
1683,53
1684,99
1685,82
1686,81
1687,81
1688,1
1689,99
1690,97
1691,97
1692,81
1693,34
1694,1
1695,97
1696,52
1697,72
1698,43
1699,17
1700,80
1701,89
1702,81
1703,88
1704,81
1705,86
1706,90
1707,78
1708,92
1709,13
1710,34
1711,75
1712,19
1713,14
1714,10
1715,8
1716,69
1717,42
1718,97
1719,42
1720,84
1721,81
1722,22
1723,13
1724,35
1725,54
1726,47
1727,39
1728,9
1729,34
1730,58
1731,37
1732,20
1733,49
1734,75
1735,44
1736,75
1737,18
1738,33
1739,73
1740,81
1741,20
1742,55
1743,61
1744,54
1745,56
1746,12
1747,2
1748,2
1749,94
1750,8
1751,57
1752,53
1753,90
1754,14
1755,83
1756,81
1757,47
1758,92
1759,58
1760,75
1761,81
1762,81
1763,59
1764,37
1765,83
1766,23
1767,90
1768,85
1769,97
1770,39
1771,33
1772,54
1773,81
1774,34
1775,9
1776,97
1777,73
1778,98
1779,97
1780,9
1781,75
1782,4
1783,97
1784,97
1785,70
1786,47
1787,9
1788,97
1789,23
1790,76
1791,81
1792,66
1793,94
1794,13
1795,58
1796,38
1797,43
1798,53
1799,3
1800,40
1801,70
1802,75
1803,75
1804,81
1805,97
1806,81
1807,10
1808,97
1809,2
1810,2
1811,50
1812,21
1813,97
1814,73
1815,8
1816,22
1817,58
1818,97
1819,19
1820,16
1821,64
1822,58
1823,1
1824,8
1825,35
1826,93
1827,77
1828,2
1829,9
1830,51
1831,8
1832,75
1833,97
1834,33
1835,97
1836,97
1837,6
1838,97
1839,97
1840,97
1841,43
1842,58
1843,24
1844,94
1845,53
1846,60
1847,29
1848,75
1849,65
1850,81
1851,39
1852,62
1853,97
1854,75
1855,93
1856,73
1857,21
1858,11
1859,4
1860,18
1861,97
1862,47
1863,71
1864,81
1865,51
1866,55
1867,14
1868,69
1869,83
1870,19
1871,11
1872,11
1873,8
1874,33
1875,97
1876,18
1877,71
1878,79
1879,25
1880,97
1881,81
1882,31
1883,47
1884,75
1885,81
1886,13
1887,71
1888,64
1889,18
1890,37
1891,13
1892,81
1893,47
1894,73
1895,98
1896,44
1897,95
1898,50
1899,35
1900,19
1901,74
1902,24
1903,58
1904,5
1905,4
1906,23
1907,84
1908,75
1909,71
1910,97
1911,97
1912,71
1913,50
1914,30
1915,75
1916,42
1917,94
1918,56
1919,23
1920,57
1921,97
1922,78
1923,2
1924,87
1925,35
1926,64
1927,82
1928,9
1929,97
1930,73
1931,63
1932,8
1933,90
1934,35
1935,73
1936,73
1937,56
1938,21
1939,6
1940,75
1941,71
1942,11
1943,94
1944,81
1945,7
1946,83
1947,92
1948,93
1949,62
1950,88
1951,58
1952,93
1953,96
1954,75
1955,90
1956,77
1957,8
1958,10
1959,9
1960,75
1961,10
1962,8
1963,43
1964,92
1965,2
1966,43
1967,81
1968,37
1969,53
1970,47
1971,27
1972,58
1973,81
1974,81
1975,11
1976,15
1977,90
1978,92
1979,81
1980,21
1981,75
1982,81
1983,81
1984,53
1985,97
1986,22
1987,15
1988,34
1989,47
1990,37
1991,90
1992,8
1993,15
1994,76
1995,38
1996,98
1997,8
1998,77
1999,71
2000,23
2001,72
2002,2
2003,27
2004,29
2005,60
2006,33
2007,2
2008,25
2009,21
2010,8
2011,93
2012,57
2013,97
2014,12
2015,93
2016,0
2017,81
2018,90
2019,10
2020,80
2021,73
2022,25
2023,20
2024,9
2025,43
2026,18
2027,81
2028,81
2029,27
2030,9
2031,21
2032,54
2033,97
2034,81
2035,39
2036,73
2037,34
2038,81
2039,2
2040,73
2041,1
2042,92
2043,21
2044,67
2045,22
2046,38
2047,81
2048,19
2049,75
2050,62
2051,77
2052,42
2053,97
2054,99
2055,17
2056,83
2057,97
2058,13
2059,13
2060,35
2061,18
2062,76
2063,92
2064,15
2065,80
2066,2
2067,22
2068,97
2069,59
2070,75
2071,56
2072,34
2073,23
2074,38
2075,97
2076,58
2077,80
2078,63
2079,81
2080,44
2081,81
2082,66
2083,15
2084,89
2085,34
2086,88
2087,30
2088,29
2089,64
2090,11
2091,84
2092,83
2093,60
2094,22
2095,22
2096,18
2097,4
2098,97
2099,44
2100,97
2101,34
2102,8
2103,72
2104,42
2105,73
2106,97
2107,53
2108,97
2109,18
2110,82
2111,71
2112,56
2113,56
2114,81
2115,47
2116,97
2117,27
2118,84
2119,82
2120,36
2121,48
2122,24
2123,97
2124,33
2125,73
2126,81
2127,99
2128,97
2129,2
2130,47
2131,90
2132,81
2133,95
2134,32
2135,58
2136,30
2137,22
2138,60
2139,72
2140,29
2141,6
2142,37
2143,97
2144,87
2145,81
2146,48
2147,69
2148,23
2149,81
2150,38
2151,10
2152,48
2153,81
2154,66
2155,72
2156,90
2157,81
2158,53
2159,47
2160,44
2161,54
2162,53
2163,30
2164,9
2165,97
2166,44
2167,97
2168,88
2169,54
2170,73
2171,18
2172,54
2173,91
2174,43
2175,28
2176,51
2177,80
2178,81
2179,98
2180,50
2181,26
2182,81
2183,34
2184,53
2185,81
2186,75
2187,97
2188,71
2189,90
2190,94
2191,15
2192,37
2193,54
2194,58
2195,73
2196,83
2197,81
2198,59
2199,99
2200,23
2201,11
2202,6
2203,38
2204,53
2205,81
2206,33
2207,58
2208,15
2209,52
2210,75
2211,5
2212,48
2213,9
2214,75
2215,6
2216,64
2217,71
2218,56
2219,22
2220,5
2221,68
2222,74
2223,58
2224,97
2225,23
2226,44
2227,17
2228,90
2229,9
2230,68
2231,97
2232,68
2233,50
2234,81
2235,44
2236,58
2237,51
2238,81
2239,54
2240,46
2241,5
2242,47
2243,33
2244,73
2245,98
2246,60
2247,75
2248,97
2249,95
2250,72
2251,95
2252,86
2253,79
2254,80
2255,17
2256,13
2257,81
2258,72
2259,9
2260,50
2261,81
2262,63
2263,81
2264,58
2265,81
2266,97
2267,2
2268,90
2269,75
2270,81
2271,18
2272,81
2273,66
2274,64
2275,97
2276,43
2277,81
2278,18
2279,48
2280,56
2281,38
2282,73
2283,26
2284,66
2285,97
2286,45
2287,99
2288,0
2289,81
2290,50
2291,76
2292,97
2293,66
2294,54
2295,28
2296,81
2297,72
2298,48
2299,75
2300,60
2301,77
2302,56
2303,94
2304,94
2305,34
2306,35
2307,97
2308,84
2309,68
2310,9
2311,97
2312,41
2313,47
2314,81
2315,22
2316,76
2317,64
2318,81
2319,75
2320,27
2321,57
2322,37
2323,73
2324,9
2325,78
2326,84
2327,97
2328,81
2329,78
2330,99
2331,92
2332,97
2333,89
2334,97
2335,9
2336,64
2337,11
2338,81
2339,81
2340,65
2341,26
2342,2
2343,97
2344,99
2345,10
2346,33
2347,37
2348,3
2349,44
2350,0
2351,24
2352,43
2353,92
2354,16
2355,21
2356,79
2357,34
2358,42
2359,81
2360,8
2361,73
2362,22
2363,73
2364,81
2365,84
2366,97
2367,97
2368,58
2369,9
2370,97
2371,10
2372,50
2373,56
2374,42
2375,97
2376,57
2377,32
2378,56
2379,26
2380,31
2381,81
2382,8
2383,59
2384,24
2385,90
2386,11
2387,90
2388,25
2389,27
2390,79
2391,19
2392,58
2393,62
2394,97
2395,27
2396,31
2397,71
2398,78
2399,19
2400,97
2401,46
2402,53
2403,14
2404,81
2405,44
2406,48
2407,11
2408,21
2409,75
2410,97
2411,58
2412,25
2413,63
2414,18
2415,90
2416,90
2417,92
2418,9
2419,2
2420,42
2421,97
2422,0
2423,81
2424,36
2425,52
2426,8
2427,85
2428,20
2429,90
2430,44
2431,81
2432,97
2433,74
2434,8
2435,25
2436,58
2437,29
2438,92
2439,97
2440,81
2441,10
2442,29
2443,11
2444,53
2445,86
2446,34
2447,73
2448,80
2449,90
2450,19
2451,83
2452,81
2453,89
2454,33
2455,97
2456,5
2457,96
2458,97
2459,97
2460,97
2461,5
2462,52
2463,33
2464,77
2465,81
2466,48
2467,58
2468,8
2469,97
2470,33
2471,52
2472,92
2473,67
2474,81
2475,56
2476,62
2477,73
2478,61
2479,42
2480,54
2481,40
2482,73
2483,13
2484,71
2485,54
2486,66
2487,13
2488,49
2489,94
2490,21
2491,92
2492,9
2493,75
2494,97
2495,27
2496,81
2497,50
2498,99
2499,24
2500,81
2501,59
2502,47
2503,68
2504,15
2505,36
2506,75
2507,10
2508,81
2509,92
2510,98
2511,51
2512,43
2513,25
2514,5
2515,4
2516,97
2517,9
2518,53
2519,43
2520,58
2521,53
2522,97
2523,81
2524,81
2525,67
2526,81
2527,93
2528,81
2529,9
2530,55
2531,81
2532,52
2533,53
2534,38
2535,3
2536,81
2537,97
2538,97
2539,81
2540,75
2541,34
2542,99
2543,71
2544,58
2545,2
2546,81
2547,0
2548,58
2549,37
2550,14
2551,50
2552,56
2553,1
2554,81
2555,81
2556,81
2557,99
2558,12
2559,44
2560,39
2561,34
2562,21
2563,81
2564,67
2565,72
2566,35
2567,27
2568,50
2569,64
2570,97
2571,12
2572,97
2573,72
2574,5
2575,52
2576,8
2577,90
2578,58
2579,94
2580,57
2581,97
2582,44
2583,81
2584,21
2585,57
2586,75
2587,42
2588,84
2589,23
2590,58
2591,77
2592,33
2593,58
2594,23
2595,67
2596,26
2597,81
2598,81
2599,73
2600,97
2601,83
2602,23
2603,96
2604,73
2605,81
2606,97
2607,30
2608,65
2609,81
2610,81
2611,68
2612,51
2613,42
2614,56
2615,39
2616,20
2617,73
2618,34
2619,51
2620,29
2621,34
2622,81
2623,48
2624,49
2625,12
2626,83
2627,8
2628,81
2629,20
2630,58
2631,97
2632,55
2633,13
2634,99
2635,9
2636,33
2637,42
2638,38
2639,60
2640,36
2641,82
2642,97
2643,21
2644,81
2645,81
2646,81
2647,97
2648,81
2649,47
2650,67
2651,63
2652,18
2653,76
2654,81
2655,97
2656,52
2657,77
2658,97
2659,98
2660,33
2661,65
2662,44
2663,26
2664,57
2665,55
2666,19
2667,11
2668,22
2669,29
2670,31
2671,37
2672,97
2673,22
2674,44
2675,43
2676,75
2677,33
2678,19
2679,97
2680,27
2681,97
2682,0
2683,59
2684,10
2685,74
2686,21
2687,70
2688,76
2689,69
2690,77
2691,2
2692,94
2693,25
2694,54
2695,8
2696,64
2697,94
2698,37
2699,68
2700,8
2701,97
2702,26
2703,34
2704,18
2705,23
2706,37
2707,83
2708,65
2709,98
2710,52
2711,5
2712,81
2713,90
2714,78
2715,51
2716,2
2717,12
2718,74
2719,72
2720,11
2721,55
2722,77
2723,73
2724,11
2725,16
2726,97
2727,81
2728,97
2729,65
2730,8
2731,81
2732,89
2733,42
2734,42
2735,7
2736,49
2737,30
2738,95
2739,24
2740,72
2741,71
2742,14
2743,99
2744,29
2745,35
2746,42
2747,72
2748,33
2749,76
2750,18
2751,18
2752,5
2753,94
2754,11
2755,23
2756,4
2757,64
2758,81
2759,81
2760,58
2761,38
2762,8
2763,2
2764,71
2765,68
2766,44
2767,84
2768,58
2769,97
2770,7
2771,2
2772,40
2773,97
2774,64
2775,73
2776,8
2777,81
2778,31
2779,82
2780,75
2781,41
2782,48
2783,56
2784,12
2785,81
2786,18
2787,97
2788,57
2789,18
2790,97
2791,8
2792,13
2793,64
2794,61
2795,23
2796,97
2797,81
2798,53
2799,81
2800,18
2801,18
2802,22
2803,81
2804,12
2805,58
2806,57
2807,2
2808,81
2809,59
2810,59
2811,97
2812,23
2813,57
2814,84
2815,53
2816,84
2817,84
2818,44
2819,58
2820,41
2821,81
2822,90
2823,21
2824,29
2825,43
2826,97
2827,0
2828,99
2829,43
2830,81
2831,8
2832,77
2833,3
2834,31
2835,12
2836,21
2837,46
2838,5
2839,87
2840,9
2841,13
2842,81
2843,37
2844,38
2845,60
2846,54
2847,5
2848,34
2849,5
2850,23
2851,94
2852,44
2853,98
2854,77
2855,78
2856,97
2857,97
2858,5
2859,23
2860,54
2861,23
2862,11
2863,81
2864,97
2865,89
2866,5
2867,97
2868,56
2869,29
2870,50
2871,25
2872,37
2873,56
2874,47
2875,86
2876,33
2877,18
2878,59
2879,74
2880,9
2881,92
2882,89
2883,91
2884,42
2885,60
2886,31
2887,81
2888,84
2889,81
2890,65
2891,35
2892,53
2893,33
2894,81
2895,81
2896,38
2897,18
2898,73
2899,94
2900,54
2901,43
2902,90
2903,97
2904,59
2905,53
2906,70
2907,81
2908,56
2909,90
2910,66
2911,27
2912,64
2913,97
2914,53
2915,2
2916,13
2917,11
2918,71
2919,31
2920,48
2921,9
2922,58
2923,11
2924,35
2925,73
2926,97
2927,48
2928,97
2929,93
2930,97
2931,55
2932,97
2933,85
2934,18
2935,57
2936,66
2937,81
2938,81
2939,18
2940,81
2941,73
2942,10
2943,85
2944,28
2945,5
2946,70
2947,83
2948,34
2949,8
2950,10
2951,5
2952,18
2953,81
2954,81
2955,9
2956,75
2957,50
2958,69
2959,97
2960,94
2961,81
2962,26
2963,79
2964,58
2965,9
2966,73
2967,81
2968,73
2969,79
2970,81
2971,76
2972,83
2973,9
2974,58
2975,76
2976,50
2977,37
2978,35
2979,88
2980,9
2981,53
2982,97
2983,68
2984,59
2985,81
2986,56
2987,71
2988,79
2989,2
2990,66
2991,5
2992,47
2993,81
2994,27
2995,31
2996,97
2997,74
2998,75
2999,98
3000,21
3001,58
3002,43
3003,81
3004,75
3005,50
3006,93
3007,81
3008,9
3009,47
3010,28
3011,9
3012,77
3013,95
3014,83
3015,56
3016,6
3017,81
3018,88
3019,81
3020,58
3021,67
3022,58
3023,90
3024,34
3025,9
3026,37
3027,23
3028,8
3029,0
3030,8
3031,59
3032,43
3033,97
3034,74
3035,8
3036,97
3037,47
3038,72
3039,6
3040,88
3041,25
3042,11
3043,81
3044,78
3045,97
3046,54
3047,26
3048,53
3049,75
3050,85
3051,97
3052,23
3053,77
3054,73
3055,14
3056,42
3057,23
3058,54
3059,96
3060,98
3061,44
3062,22
3063,83
3064,18
3065,20
3066,97
3067,65
3068,81
3069,8
3070,17
3071,84
3072,58
3073,56
3074,2
3075,68
3076,13
3077,24
3078,33
3079,53
3080,7
3081,97
3082,97
3083,97
3084,81
3085,58
3086,81
3087,10
3088,94
3089,53
3090,4
3091,18
3092,64
3093,53
3094,81
3095,97
3096,66
3097,9
3098,20
3099,97
3100,18
3101,76
3102,76
3103,59
3104,90
3105,76
3106,97
3107,67
3108,73
3109,27
3110,76
3111,28
3112,40
3113,2
3114,23
3115,73
3116,82
3117,23
3118,8
3119,93
3120,81
3121,92
3122,5
3123,74
3124,30
3125,97
3126,22
3127,93
3128,18
3129,29
3130,53
3131,41
3132,65
3133,90
3134,39
3135,73
3136,11
3137,97
3138,19
3139,54
3140,25
3141,42
3142,89
3143,12
3144,11
3145,42
3146,62
3147,37
3148,88
3149,9
3150,81
3151,99
3152,35
3153,9
3154,22
3155,49
3156,22
3157,97
3158,16
3159,37
3160,27
3161,97
3162,68
3163,27
3164,35
3165,19
3166,81
3167,8
3168,11
3169,20
3170,11
3171,81
3172,8
3173,88
3174,64
3175,59
3176,67
3177,72
3178,22
3179,9
3180,37
3181,95
3182,49
3183,54
3184,18
3185,37
3186,31
3187,21
3188,97
3189,90
3190,39
3191,50
3192,20
3193,39
3194,64
3195,18
3196,53
3197,33
3198,18
3199,12
3200,81
3201,97
3202,18
3203,72
3204,14
3205,90
3206,40
3207,11
3208,97
3209,98
3210,56
3211,53
3212,48
3213,34
3214,33
3215,8
3216,16
3217,27
3218,81
3219,84
3220,50
3221,55
3222,5
3223,18
3224,17
3225,73
3226,94
3227,92
3228,44
3229,11
3230,96
3231,28
3232,75
3233,33
3234,5
3235,18
3236,11
3237,81
3238,97
3239,60
3240,58
3241,58
3242,8
3243,97
3244,20
3245,51
3246,64
3247,79
3248,53
3249,72
3250,81
3251,98
3252,16
3253,54
3254,96
3255,83
3256,2
3257,97
3258,74
3259,62
3260,61
3261,77
3262,81
3263,81
3264,58
3265,65
3266,57
3267,27
3268,81
3269,61
3270,81
3271,32
3272,8
3273,75
3274,55
3275,71
3276,95
3277,81
3278,8
3279,24
3280,97
3281,24
3282,75
3283,0
3284,97
3285,66
3286,84
3287,97
3288,9
3289,47
3290,92
3291,33
3292,73
3293,98
3294,10
3295,81
3296,24
3297,54
3298,8
3299,56
3300,23
3301,81
3302,48
3303,81
3304,18
3305,75
3306,81
3307,57
3308,81
3309,98
3310,58
3311,77
3312,62
3313,81
3314,37
3315,15
3316,9
3317,88
3318,58
3319,54
3320,23
3321,97
3322,20
3323,54
3324,18
3325,70
3326,62
3327,97
3328,33
3329,64
3330,51
3331,61
3332,9
3333,64
3334,97
3335,24
3336,24
3337,58
3338,32
3339,73
3340,56
3341,97
3342,81
3343,81
3344,66
3345,19
3346,30
3347,12
3348,90
3349,97
3350,50
3351,97
3352,9
3353,54
3354,53
3355,81
3356,21
3357,98
3358,81
3359,23
3360,37
3361,90
3362,41
3363,54
3364,57
3365,29
3366,92
3367,65
3368,71
3369,97
3370,71
3371,76
3372,56
3373,92
3374,8
3375,81
3376,73
3377,53
3378,36
3379,16
3380,73
3381,8
3382,83
3383,97
3384,97
3385,2
3386,55
3387,58
3388,73
3389,58
3390,68
3391,71
3392,18
3393,52
3394,81
3395,54
3396,19
3397,97
3398,58
3399,72
3400,97
3401,4
3402,75
3403,33
3404,33
3405,73
3406,54
3407,60
3408,81
3409,97
3410,97
3411,11
3412,81
3413,9
3414,23
3415,81
3416,8
3417,35
3418,81
3419,9
3420,96
3421,48
3422,73
3423,50
3424,23
3425,84
3426,23
3427,42
3428,87
3429,37
3430,68
3431,18
3432,67
3433,75
3434,18
3435,55
3436,38
3437,44
3438,73
3439,90
3440,58
3441,25
3442,5
3443,15
3444,29
3445,72
3446,18
3447,9
3448,99
3449,81
3450,97
3451,37
3452,94
3453,10
3454,91
3455,89
3456,20
3457,97
3458,41
3459,90
3460,43
3461,12
3462,58
3463,42
3464,76
3465,90
3466,18
3467,81
3468,91
3469,27
3470,93
3471,9
3472,5
3473,97
3474,90
3475,50
3476,67
3477,53
3478,97
3479,81
3480,58
3481,59
3482,64
3483,75
3484,16
3485,77
3486,81
3487,81
3488,97
3489,69
3490,75
3491,12
3492,54
3493,94
3494,84
3495,34
3496,9
3497,60
3498,51
3499,48
3500,41
3501,9
3502,90
3503,60
3504,90
3505,97
3506,6
3507,5
3508,67
3509,2
3510,81
3511,20
3512,8
3513,59
3514,18
3515,81
3516,38
3517,5
3518,99
3519,4
3520,56
3521,8
3522,12
3523,37
3524,88
3525,35
3526,81
3527,42
3528,33
3529,94
3530,58
3531,97
3532,72
3533,97
3534,86
3535,31
3536,34
3537,18
3538,77
3539,41
3540,58
3541,64
3542,52
3543,81
3544,20
3545,8
3546,94
3547,97
3548,0
3549,93
3550,8
3551,67
3552,81
3553,73
3554,33
3555,81
3556,65
3557,23
3558,29
3559,75
3560,27
3561,75
3562,68
3563,14
3564,97
3565,29
3566,58
3567,78
3568,44
3569,57
3570,53
3571,60
3572,95
3573,15
3574,69
3575,85
3576,97
3577,97
3578,56
3579,19
3580,68
3581,71
3582,88
3583,11
3584,69
3585,56
3586,88
3587,34
3588,73
3589,90
3590,76
3591,72
3592,11
3593,33
3594,62
3595,27
3596,86
3597,0
3598,20
3599,22
3600,97
3601,81
3602,23
3603,18
3604,81
3605,66
3606,11
3607,90
3608,8
3609,50
3610,39
3611,2
3612,33
3613,75
3614,97
3615,42
3616,38
3617,18
3618,90
3619,9
3620,72
3621,31
3622,75
3623,27
3624,54
3625,69
3626,72
3627,43
3628,97
3629,46
3630,22
3631,39
3632,81
3633,94
3634,84
3635,27
3636,23
3637,56
3638,18
3639,21
3640,98
3641,92
3642,47
3643,25
3644,90
3645,11
3646,58
3647,37
3648,5
3649,81
3650,81
3651,49
3652,54
3653,21
3654,81
3655,40
3656,28
3657,64
3658,50
3659,56
3660,67
3661,97
3662,73
3663,43
3664,5
3665,12
3666,22
3667,81
3668,88
3669,35
3670,21
3671,8
3672,98
3673,52
3674,81
3675,5
3676,89
3677,31
3678,98
3679,81
3680,21
3681,99
3682,40
3683,22
3684,37
3685,43
3686,5
3687,65
3688,97
3689,97
3690,90
3691,99
3692,72
3693,56
3694,96
3695,60
3696,81
3697,33
3698,8
3699,20
3700,21
3701,27
3702,8
3703,11
3704,16
3705,18
3706,83
3707,37
3708,57
3709,97
3710,9
3711,24
3712,54
3713,18
3714,97
3715,89
3716,69
3717,96
3718,12
3719,75
3720,11
3721,84
3722,15
3723,81
3724,53
3725,47
3726,58
3727,13
3728,53
3729,58
3730,81
3731,21
3732,97
3733,97
3734,31
3735,85
3736,58
3737,94
3738,97
3739,72
3740,9
3741,81
3742,92
3743,81
3744,90
3745,53
3746,37
3747,6
3748,87
3749,27
3750,21
3751,58
3752,11
3753,21
3754,48
3755,75
3756,72
3757,97
3758,9
3759,71
3760,21
3761,37
3762,1
3763,94
3764,50
3765,81
3766,86
3767,81
3768,88
3769,16
3770,28
3771,7
3772,40
3773,92
3774,97
3775,97
3776,2
3777,48
3778,97
3779,91
3780,33
3781,90
3782,26
3783,24
3784,97
3785,29
3786,15
3787,75
3788,75
3789,4
3790,9
3791,58
3792,49
3793,27
3794,81
3795,37
3796,44
3797,65
3798,11
3799,51
3800,12
3801,13
3802,90
3803,9
3804,21
3805,96
3806,59
3807,12
3808,50
3809,58
3810,8
3811,61
3812,97
3813,56
3814,81
3815,97
3816,72
3817,56
3818,96
3819,24
3820,91
3821,58
3822,39
3823,2
3824,81
3825,36
3826,22
3827,54
3828,4
3829,58
3830,81
3831,76
3832,73
3833,59
3834,97
3835,88
3836,18
3837,60
3838,97
3839,97
3840,8
3841,97
3842,88
3843,83
3844,75
3845,81
3846,97
3847,64
3848,22
3849,41
3850,79
3851,9
3852,53
3853,23
3854,65
3855,59
3856,44
3857,74
3858,53
3859,81
3860,1
3861,8
3862,94
3863,81
3864,81
3865,85
3866,58
3867,30
3868,96
3869,18
3870,97
3871,25
3872,81
3873,94
3874,76
3875,75
3876,58
3877,75
